wavelength,spectra
401.16424560547,0.32324230671
403.09292602539,0.32242304087
405.02160644531,0.32253530622
406.95028686523,0.32338267565
408.87896728516,0.32408243418
410.8076171875,0.32497799397
412.73629760742,0.32462149858
414.66497802734,0.32513600588
416.59365844727,0.32525122166
418.52233886719,0.32532534003
420.45098876953,0.32604408264
422.37966918945,0.32617905736
424.30834960938,0.32694083452
426.2370300293,0.32741937041
428.16571044922,0.32862514257
430.09436035156,0.32907637954
432.02304077148,0.32898199558
433.95172119141,0.32982239127
435.88040161133,0.32971733809
437.80908203125,0.33036652207
439.73773193359,0.33041509986
441.66641235352,0.33119210601
443.59509277344,0.33207210898
445.52377319336,0.33161330223
447.45245361328,0.33214813471
449.38110351563,0.3319607079
451.30978393555,0.33306702971
453.23846435547,0.33371728659
455.16714477539,0.33397087455
457.09582519531,0.33468288183
459.02447509766,0.3344104588
460.95315551758,0.33533024788
462.8818359375,0.33540934324
464.81051635742,0.33622577786
466.73919677734,0.33696946502
468.66784667969,0.33729189634
470.59652709961,0.33805441856
472.52520751953,0.33762422204
474.45388793945,0.33860331774
476.38256835938,0.33884805441
478.31121826172,0.33893573284
480.23989868164,0.33926182985
482.16857910156,0.33889529109
484.09725952148,0.33961671591
486.02593994141,0.3393446207
487.95458984375,0.33968582749
489.88327026367,0.34012451768
491.81195068359,0.33996468782
493.74063110352,0.34072849154
495.66931152344,0.34040367603
497.59796142578,0.34088346362
499.5266418457,0.34144881368
501.45532226563,0.34164309502
503.38400268555,0.3421086967
505.31268310547,0.34208837152
507.24133300781,0.34308969975
509.17001342773,0.34313705564
511.09869384766,0.3438256979
513.02734375,0.34421724081
514.9560546875,0.34413349628
516.88470458984,0.34491807222
518.81341552734,0.34454968572
520.74206542969,0.34536185861
522.67071533203,0.34538799524
524.59942626953,0.34568271041
526.52807617188,0.34603613615
528.45678710938,0.34581038356
530.38543701172,0.34657362103
532.31408691406,0.3457031548
534.24279785156,0.34600806236
536.17144775391,0.34596586227
538.10015869141,0.34586423635
540.02880859375,0.34621068835
541.95745849609,0.34570002556
543.88616943359,0.34645196795
545.81481933594,0.34628805518
547.74353027344,0.3468401432
549.67218017578,0.34697708488
551.60083007813,0.3471441865
553.52954101563,0.34825822711
555.45819091797,0.34814351797
557.38690185547,0.34888809919
559.31555175781,0.34893384576
561.24420166016,0.34939917922
563.17291259766,0.35006138682
565.1015625,0.35008811951
567.0302734375,0.35109737515
568.95892333984,0.35119521618
570.88757324219,0.35180336237
572.81628417969,0.352429986
574.74493408203,0.35296559334
576.67364501953,0.35392063856
578.60229492188,0.35392260551
580.53094482422,0.35478854179
582.45965576172,0.35497197509
584.38830566406,0.35561001301
586.31701660156,0.35672062635
588.24566650391,0.35701581836
590.17431640625,0.35822588205
592.10302734375,0.35807907581
594.03167724609,0.35906040668
595.96038818359,0.35975539684
597.88903808594,0.36003240943
599.81768798828,0.3613756299
601.74639892578,0.36127769947
603.67504882813,0.36255457997
605.60375976563,0.36295375228
607.53240966797,0.3640640676
609.46105957031,0.36510804296
611.38977050781,0.36560156941
613.31842041016,0.3673427999
615.24713134766,0.3674248457
617.17578125,0.3692471981
619.10443115234,0.37044411898
621.03314208984,0.37210053205
622.96179199219,0.37417000532
624.89050292969,0.37527239323
626.81915283203,0.37754297256
628.74780273438,0.37866839767
630.67651367188,0.38112032413
632.60516357422,0.38231101632
634.53387451172,0.38380563259
636.46252441406,0.3863452673
638.39117431641,0.38738363981
640.31988525391,0.39030331373
642.24853515625,0.39241707325
644.17724609375,0.39459252357
646.10589599609,0.39650675654
648.03454589844,0.39779126644
649.96325683594,0.40039211512
651.89190673828,0.40237960219
653.82061767578,0.40538397431
655.74926757813,0.40747380257
657.67791748047,0.40959054232
659.60662841797,0.41282725334
661.53527832031,0.41465768218
663.46398925781,0.41739746928
665.39263916016,0.41891056299
667.3212890625,0.42099559307
669.25,0.4230042696
671.17864990234,0.42504286766
673.10736083984,0.42974317074
675.03601074219,0.43161487579
676.96466064453,0.43441903591
678.89337158203,0.43664199114
680.82202148438,0.43950974941
682.75073242188,0.44368380308
684.67938232422,0.44519108534
686.60803222656,0.44933477044
688.53674316406,0.45194014907
690.46539306641,0.45616817474
692.39410400391,0.45980894566
694.32275390625,0.4625916779
696.25140380859,0.46766483784
698.18011474609,0.46938979626
700.10876464844,0.47380626202
702.03747558594,0.47734117508
703.96612548828,0.48178938031
705.89477539063,0.4860496521
707.82348632813,0.48984932899
709.75213623047,0.49633729458
711.68084716797,0.49890476465
713.60949707031,0.50408893824
715.53814697266,0.50821352005
717.46685791016,0.51290237904
719.3955078125,0.51853948832
721.32421875,0.52253615856
723.25286865234,0.52930450439
725.18151855469,0.53285390139
727.11022949219,0.53925585747
729.03887939453,0.54563695192
730.96759033203,0.55060076714
732.89624023438,0.55817556381
734.82489013672,0.56309330463
736.75360107422,0.57059198618
738.68225097656,0.5774025321
740.61096191406,0.58454543352
742.53961181641,0.59308290482
744.46826171875,0.59999120235
746.39697265625,0.61129981279
748.32562255859,0.62026691437
750.25433349609,0.63113152981
752.18298339844,0.64285820723
754.11163330078,0.65367585421
756.04034423828,0.6709343791
757.96899414063,0.68422728777
759.89770507813,0.70309334993
761.82635498047,0.72267913818
763.75500488281,0.74039781094
765.68371582031,0.76330685616
767.61236572266,0.78228664398
769.54107666016,0.80743008852
771.4697265625,0.83039945364
773.39837646484,0.85652327538
775.32708740234,0.88381946087
777.25573730469,0.90807402134
779.18444824219,0.93460863829
781.11309814453,0.95828104019
783.04174804688,0.98537540436
784.97045898438,1.00651860237
786.89910888672,1.02387595177
788.82781982422,1.01395916939
790.75646972656,0.99617826939
792.68511962891,1.00532603264
794.61383056641,1.01688683033
796.54248046875,1.02450752258
798.47119140625,1.03062701225
800.39984130859,1.04529178143
802.32849121094,1.08781337738
804.25720214844,1.16661536694
806.18585205078,1.28294789791
808.11456298828,1.40095603466
810.04321289063,1.49953126907
811.97186279297,1.59332680702
813.90057373047,1.65753734112
815.82922363281,1.6919015646
817.75793457031,1.70400261879
819.68658447266,1.71268856525
821.615234375,1.72599983215
823.5439453125,1.74169552326
825.47259521484,1.76746106148
827.40130615234,1.78393948078
829.32995605469,1.76988840103
831.25860595703,1.65046560764
833.18731689453,1.44255936146
835.11596679688,1.23910105228
837.04467773438,1.07566475868
838.97332763672,0.95446062088
840.90197753906,0.86374604702
842.83068847656,0.79537278414
844.75933837891,0.74375987053
846.68804931641,0.70500010252
848.61669921875,0.6773031354
850.54534912109,0.65856313705
852.47406005859,0.64789748192
854.40270996094,0.64202970266
856.33142089844,0.63681209087
858.26007080078,0.62794733047
860.18872070313,0.61254841089
862.11743164063,0.59257698059
864.04608154297,0.57031559944
865.97479248047,0.54844582081
867.90344238281,0.52885645628
869.83209228516,0.51234710217
871.76080322266,0.49922645092
873.689453125,0.48912766576
875.6181640625,0.48166838288
877.54681396484,0.4754396081
879.47546386719,0.46870797873
881.40417480469,0.45956081152
883.33282470703,0.4474118948
885.26153564453,0.43336713314
887.19018554688,0.41901212931
889.11883544922,0.40586435795
891.04754638672,0.39456510544
892.97619628906,0.38539963961
894.90490722656,0.37827607989
896.83355712891,0.37292554975
898.76220703125,0.36902955174
900.69091796875,0.36644291878
902.61956787109,0.36531502008
904.54827880859,0.36566889286
906.47692871094,0.36744016409
908.40557861328,0.37029206753
910.33428955078,0.37412282825
912.26293945313,0.37974560261
914.19165039063,0.38848268986
916.12030029297,0.40129590034
918.04895019531,0.41811051965
919.97766113281,0.4382750988
921.90631103516,0.4605936408
923.83502197266,0.48285394907
925.763671875,0.50217300653
927.69232177734,0.51618778706
929.62103271484,0.52520430088
931.54968261719,0.53049457073
933.47839355469,0.53321313858
935.40704345703,0.5355066061
937.33569335938,0.54024088383
939.26440429688,0.55123972893
941.19305419922,0.57171654701
943.12176513672,0.60395950079
945.05041503906,0.64857035875
946.97906494141,0.70367097855
948.90777587891,0.76388281584
950.83642578125,0.81918287277
952.76513671875,0.85784107447
954.69378662109,0.87124538422
956.62243652344,0.86714345217
958.55114746094,0.86757671833
960.47979736328,0.88280725479
962.40850830078,0.89704978466
964.33715820313,0.90000224113
966.26580810547,0.91043823957
968.19451904297,0.94270217419
970.12316894531,0.99601268768
972.05187988281,1.06559002399
973.98052978516,1.1479306221
975.9091796875,1.24344182014
977.837890625,1.35201692581
979.76654052734,1.47370696068
981.69525146484,1.60402441025
983.62390136719,1.73862433434
985.55255126953,1.87975156307
987.48126220703,2.0255818367
989.40991210938,2.18084979057
991.33862304688,2.33421826363
993.26727294922,2.46138072014
995.19592285156,2.5537405014
997.12463378906,2.59921360016
999.05328369141,2.62959098816
1000.98199462891,2.64740848541
1002.91064453125,2.66886973381
1004.83929443359,2.69197630882
1006.76800537109,2.70504617691
1008.69665527344,2.73118877411
1010.62536621094,2.73789691925
1012.55401611328,2.75766253471
1014.48266601563,2.7513153553
1016.41137695313,2.73851203918
1018.34002685547,2.71324181557
1020.26873779297,2.64117217064
1022.19738769531,2.625197649
1024.12609863281,2.60505437851
1026.0546875,2.59479022026
1027.9833984375,2.60792469978
1029.912109375,2.60009503365
1031.8408203125,2.61438059807
1033.76940917969,2.60801911354
1035.69812011719,2.61575746536
1037.62683105469,2.62032985687
1039.55541992188,2.61625480652
1041.48413085938,2.62878513336
1043.41284179688,2.61980032921
1045.34143066406,2.66685366631
1047.27014160156,2.72564697266
1049.19885253906,2.8034157753
1051.12756347656,2.92469668388
1053.05615234375,2.91993331909
1054.98486328125,2.89988040924
1056.91357421875,2.8714556694
1058.84216308594,2.83650159836
1060.77087402344,2.81861877441
1062.69958496094,2.78982543945
1064.62817382813,2.77733016014
1066.55688476563,2.75902581215
1068.48559570313,2.75186085701
1070.41430664063,2.74645876884
1072.34289550781,2.73883724213
1074.27160644531,2.70077133179
1076.20031738281,2.53033709526
1078.12890625,2.25091075897
1080.0576171875,1.95499932766
1081.986328125,1.70152080059
1083.91491699219,1.49698746204
1085.84362792969,1.3311882019
1087.77233886719,1.19608521461
1089.70104980469,1.08356165886
1091.62963867188,0.98915201426
1093.55834960938,0.9095069766
1095.48706054688,0.84185546637
1097.41564941406,0.78458535671
1099.34436035156,0.73604810238
1101.27307128906,0.69544744492
1103.20166015625,0.66125720739
1105.13037109375,0.63190275431
1107.05908203125,0.60553020239
1108.98779296875,0.58033233881
1110.91638183594,0.55546748638
1112.84509277344,0.52992457151
1114.77380371094,0.50314611197
1116.70239257813,0.47453761101
1118.63110351563,0.44428816438
1120.55981445313,0.41349077225
1122.48840332031,0.3834335804
1124.41711425781,0.35549435019
1126.34582519531,0.33050253987
1128.27453613281,0.30901002884
1130.203125,0.29120546579
1132.1318359375,0.27705714107
1134.060546875,0.26642107964
1135.98913574219,0.25899341702
1137.91784667969,0.25393906236
1139.84655761719,0.24897304177
1141.77514648438,0.24116189778
1143.70385742188,0.22980315983
1145.63256835938,0.21755202115
1147.56127929688,0.20733651519
1149.48986816406,0.20015099645
1151.41857910156,0.19585174322
1153.34729003906,0.19393904507
1155.27587890625,0.19372075796
1157.20458984375,0.19430996478
1159.13330078125,0.19479545951
1161.06188964844,0.1946901083
1162.99060058594,0.19405680895
1164.91931152344,0.19309256971
1166.84802246094,0.19188186526
1168.77661132813,0.19039592147
1170.70532226563,0.18855580688
1172.63403320313,0.18645650148
1174.56262207031,0.18444289267
1176.49133300781,0.18285132945
1178.42004394531,0.18170189857
1180.3486328125,0.18086397648
1182.27734375,0.18044409156
1184.2060546875,0.1806280762
1186.134765625,0.18150103092
1188.06335449219,0.18299278617
1189.99206542969,0.18487456441
1191.92077636719,0.18711724877
1193.84936523438,0.18992513418
1195.77807617188,0.19366244972
1197.70678710938,0.19854010642
1199.63537597656,0.20434746146
1201.56408691406,0.21083316207
1203.49279785156,0.21785280108
1205.42150878906,0.22561459243
1207.35009765625,0.23458428681
1209.27880859375,0.24523644149
1211.20751953125,0.25789377093
1213.13610839844,0.27219977975
1215.06481933594,0.28706651926
1216.99353027344,0.30061137676
1218.92211914063,0.31079432368
1220.85083007813,0.31591019034
1222.77954101563,0.31499826908
1224.70825195313,0.30833512545
1226.63684082031,0.29703444242
1228.56555175781,0.28287935257
1230.49426269531,0.26752287149
1232.4228515625,0.25214132667
1234.3515625,0.23732152581
1236.2802734375,0.22323480248
1238.20886230469,0.21006111801
1240.13757324219,0.19798186421
1242.06628417969,0.18718938529
1243.99499511719,0.17768315971
1245.92358398438,0.16921667755
1247.85229492188,0.16143833101
1249.78100585938,0.15408869088
1251.70959472656,0.14713217318
1253.63830566406,0.14067231119
1255.56701660156,0.13484331965
1257.49560546875,0.12974964082
1259.42431640625,0.12542773783
1261.35302734375,0.12174718827
1263.28173828125,0.11838203669
1265.21032714844,0.11490209401
1267.13903808594,0.11090167612
1269.06774902344,0.10618653893
1270.99633789063,0.10095531493
1272.92504882813,0.09567080438
1274.85375976563,0.09079553187
1276.78234863281,0.08667361736
1278.71105957031,0.08334946632
1280.63977050781,0.08062820137
1282.56848144531,0.07860346138
1284.4970703125,0.07761799544
1286.42578125,0.07752536237
1288.3544921875,0.07761777937
1290.28308105469,0.07748798281
1292.21179199219,0.07741627097
1294.14050292969,0.07768210024
1296.06909179688,0.07799071819
1297.99780273438,0.077827245
1299.92651367188,0.0769982636
1301.85522460938,0.07580397278
1303.78381347656,0.07489704341
1305.71252441406,0.07488916814
1307.64123535156,0.0761404708
1309.56982421875,0.07871577889
1311.49853515625,0.08229967207
1313.42724609375,0.08598905057
1315.35583496094,0.08827222884
1317.28454589844,0.0881017372
1319.21325683594,0.08585402369
1321.14196777344,0.08262505382
1323.07055664063,0.07918582857
1324.99926757813,0.07591519505
1326.92797851563,0.07302948833
1328.85656738281,0.0706615895
1330.78527832031,0.06885516644
1332.71398925781,0.06749045849
1334.642578125,0.06638850272
1336.5712890625,0.0655541569
1338.5,0.06529378146
1340.4287109375,0.06608762592
1342.35729980469,0.06818316132
1344.28601074219,0.07163452357
1346.21472167969,0.07649019361
1348.14331054688,0.08269566298
1350.07202148438,0.09005596489
1352.00073242188,0.09811044484
1353.92932128906,0.10618720204
1355.85803222656,0.11370979995
1357.78674316406,0.12084895372
1359.71545410156,0.12857560813
1361.64404296875,0.13777838647
1363.57275390625,0.14805725217
1365.50146484375,0.15739457309
1367.43005371094,0.16426755488
1369.35876464844,0.16846361756
1371.28747558594,0.17060953379
1373.21606445313,0.17164333165
1375.14477539063,0.17232148349
1377.07348632813,0.17270840704
1379.00219726563,0.17224372923
1380.93078613281,0.17050033808
1382.85949707031,0.16698382795
1384.78820800781,0.16162240505
1386.716796875,0.15468114614
1388.6455078125,0.14698886871
1390.57421875,0.13916790485
1392.50280761719,0.13110506535
1394.43151855469,0.12308099866
1396.36022949219,0.11539127678
1398.28894042969,0.1076240167
1400.21752929688,0.09953486919
1402.14624023438,0.09134337306
1404.07495117188,0.08304416388
1406.00354003906,0.07534083724
1407.93225097656,0.0690639317
1409.86096191406,0.06443670392
1411.78955078125,0.0614768602
1413.71826171875,0.05997795984
1415.64697265625,0.05923109502
1417.57568359375,0.05896596611
1419.50427246094,0.0602950342
1421.43298339844,0.06343181431
1423.36169433594,0.06652789563
1425.29028320313,0.06792689115
1427.21899414063,0.06730290502
1429.14770507813,0.06569958478
1431.07629394531,0.06436933577
1433.00500488281,0.06381326914
1434.93371582031,0.06447622925
1436.86242675781,0.0673230961
1438.791015625,0.07231134176
1440.7197265625,0.08057098091
1442.6484375,0.09284688532
1444.57702636719,0.09985853732
1446.50573730469,0.0949159041
1448.43444824219,0.08481378108
1450.36303710938,0.07046462595
1452.29174804688,0.04989590496
1454.22045898438,0.03174459934
1456.14916992188,0.02046302333
1458.07775878906,0.01496629976
1460.00646972656,0.01300769113
1461.93518066406,0.01188245602
1463.86376953125,0.01132963132
1465.79248046875,0.0116270259
1467.72119140625,0.01230848767
1469.64978027344,0.01280393079
1471.57849121094,0.01346887276
1473.50720214844,0.01526450738
1475.43591308594,0.01825066656
1477.36450195313,0.02313906886
1479.29321289063,0.0308454819
1481.22192382813,0.03991210461
1483.15051269531,0.04588292539
1485.07922363281,0.04453424737
1487.00793457031,0.03699290752
1488.9365234375,0.0284513887
1490.865234375,0.02307286486
1492.7939453125,0.02171158232
1494.72265625,0.02386425622
1496.65124511719,0.0306861829
1498.57995605469,0.04315640405
1500.50866699219,0.05914874002
1502.43725585938,0.06691559404
1504.36596679688,0.05520427972
1506.29467773438,0.03102838434
1508.22326660156,0.0125690354
1510.15197753906,0.00330325845
1512.08068847656,-0.00191470003
1514.00939941406,-0.00487431092
1515.93798828125,-0.00644292962
1517.86669921875,-0.00730912574
1519.79541015625,-0.00787892006
1521.72399902344,-0.00736644398
1523.65270996094,-0.00607565837
1525.58142089844,-0.00460781483
1527.51000976563,-0.00291289063
1529.43872070313,-0.00122624577
1531.36743164063,0.00068257964
1533.29614257813,0.00356996711
1535.22473144531,0.00660008425
1537.15344238281,0.00820390135
1539.08215332031,0.00879507419
1541.0107421875,0.00977116823
1542.939453125,0.01207904983
1544.8681640625,0.01567897759
1546.79675292969,0.01962222531
1548.72546386719,0.02342171595
1550.65417480469,0.02786937729
1552.58288574219,0.03380447999
1554.51147460938,0.04203116894
1556.44018554688,0.05151923001
1558.36889648438,0.06287347525
1560.29748535156,0.07674977183
1562.22619628906,0.09041835368
1564.15490722656,0.10688120872
1566.08349609375,0.12755875289
1568.01220703125,0.14729450643
1569.94091796875,0.15869817138
1571.86962890625,0.15876990557
1573.79821777344,0.157922104
1575.72692871094,0.16802188754
1577.65563964844,0.18402279913
1579.58422851563,0.19307088852
1581.51293945313,0.19735234976
1583.44165039063,0.20297749341
1585.37023925781,0.20902751386
1587.29895019531,0.2102946341
1589.22766113281,0.20686459541
1591.15637207031,0.20116576552
1593.0849609375,0.1913253814
1595.013671875,0.17763483524
1596.9423828125,0.16653849185
1598.87097167969,0.16463662684
1600.79968261719,0.17496104538
1602.72839355469,0.19549877942
1604.65698242188,0.21446074545
1606.58569335938,0.22229506075
1608.51440429688,0.22805039585
1610.44311523438,0.24314986169
1612.37170410156,0.26640239358
1614.30041503906,0.29089453816
1616.22912597656,0.31291484833
1618.15771484375,0.32819366455
1620.08642578125,0.33386781812
1622.01513671875,0.33254230022
1623.94372558594,0.32772746682
1625.87243652344,0.32170158625
1627.80114746094,0.31496864557
1629.72985839844,0.30765688419
1631.65844726563,0.29951840639
1633.58715820313,0.29015389085
1635.51586914063,0.27997815609
1637.44445800781,0.270693928
1639.37316894531,0.26231116056
1641.30187988281,0.25471493602
1643.23046875,0.24891673028
1645.1591796875,0.24528907239
1647.087890625,0.24513456225
1649.0166015625,0.24748140574
1650.94519042969,0.25016030669
1652.87390136719,0.25372430682
1654.80261230469,0.25846114755
1656.73120117188,0.26264923811
1658.65991210938,0.265452981
1660.58862304688,0.26674723625
1662.51721191406,0.26610159874
1664.44592285156,0.26349341869
1666.37463378906,0.25864782929
1668.30334472656,0.25162008405
1670.23193359375,0.24372519553
1672.16064453125,0.23560011387
1674.08935546875,0.22635596991
1676.01794433594,0.21514646709
1677.94665527344,0.20306405425
1679.87536621094,0.19077217579
1681.80395507813,0.17985132337
1683.73266601563,0.17126919329
1685.66137695313,0.16522803903
1687.59008789063,0.16028082371
1689.51867675781,0.15485046804
1691.44738769531,0.14964409173
1693.37609863281,0.14592295885
1695.3046875,0.14500010014
1697.2333984375,0.14713841677
1699.162109375,0.15041454136
1701.09069824219,0.15454678237
1703.01940917969,0.15960669518
1704.94812011719,0.16621027887
1706.87683105469,0.17510250211
1708.80541992188,0.18538376689
1710.73413085938,0.19625462592
1712.66284179688,0.20647956431
1714.59143066406,0.21457469463
1716.52014160156,0.21953991055
1718.44885253906,0.22064034641
1720.37744140625,0.21683068573
1722.30615234375,0.20719249547
1724.23486328125,0.19203707576
1726.16357421875,0.17321942747
1728.09216308594,0.15262705088
1730.02087402344,0.13254854083
1731.94958496094,0.11470585316
1733.87817382813,0.09901220351
1735.80688476563,0.08688143641
1737.73559570313,0.07762718946
1739.66418457031,0.07011704147
1741.59289550781,0.06537171453
1743.52160644531,0.06321219355
1745.45031738281,0.06235891581
1747.37890625,0.06150173396
1749.3076171875,0.06058102846
1751.236328125,0.06091906875
1753.16491699219,0.06367986649
1755.09362792969,0.06887339056
1757.02233886719,0.0771581158
1758.95092773438,0.08772242069
1760.87963867188,0.09923811257
1762.80834960938,0.11037457734
1764.73706054688,0.1182416603
1766.66564941406,0.12174603343
1768.59436035156,0.12097582221
1770.52307128906,0.11662876606
1772.45166015625,0.10980834812
1774.38037109375,0.10256095976
1776.30908203125,0.0961284712
1778.23767089844,0.09095885605
1780.16638183594,0.08770417422
1782.09509277344,0.08592330664
1784.02380371094,0.08479785919
1785.95239257813,0.08377661556
1787.88110351563,0.08255141973
1789.80981445313,0.081225954
1791.73840332031,0.08039662987
1793.66711425781,0.08059272915
1795.59582519531,0.08124062419
1797.5244140625,0.08175865561
1799.453125,0.08208813518
1801.3818359375,0.08221045136
1803.310546875,0.08225633949
1805.23913574219,0.0822314471
1807.16784667969,0.08239264041
1809.09655761719,0.08296522498
1811.02514648438,0.08401875943
1812.95385742188,0.08564827591
1814.88256835938,0.08779098094
1816.81115722656,0.09062404931
1818.73986816406,0.09412907064
1820.66857910156,0.0981920585
1822.59729003906,0.10256105661
1824.52587890625,0.10701701045
1826.45458984375,0.11106905341
1828.38330078125,0.11362212151
1830.31188964844,0.11411463469
1832.24060058594,0.1119454354
1834.16931152344,0.10676553845
1836.09790039063,0.09915360063
1838.02661132813,0.09021862596
1839.95532226563,0.08118207753
1841.88403320313,0.07284916937
1843.81262207031,0.06562250108
1845.74133300781,0.0599594675
1847.67004394531,0.05539127439
1849.5986328125,0.05139024928
1851.52734375,0.0478329286
1853.4560546875,0.044559028
1855.38464355469,0.04137764126
1857.31335449219,0.03813012689
1859.24206542969,0.03486803919
1861.17077636719,0.03165866435
1863.09936523438,0.02875958569
1865.02807617188,0.02625850774
1866.95678710938,0.02415063232
1868.88537597656,0.02258937992
1870.81408691406,0.02155840024
1872.74279785156,0.02087770775
1874.67138671875,0.0203555841
1876.60009765625,0.0199680943
1878.52880859375,0.01957873069
1880.45751953125,0.01901026815
1882.38610839844,0.01822577603
1884.31481933594,0.01717508957
1886.24353027344,0.01597770117
1888.17211914063,0.01471807435
1890.10083007813,0.01363533363
1892.02954101563,0.01282931212
1893.95812988281,0.01220001001
1895.88684082031,0.01190291438
1897.81555175781,0.01188947912
1899.74426269531,0.01214439701
1901.6728515625,0.01257561613
1903.6015625,0.01305322442
1905.5302734375,0.01351378672
1907.45886230469,0.01384571195
1909.38757324219,0.0141339507
1911.31628417969,0.01434416976
1913.24487304688,0.01449624635
1915.17358398438,0.0145769231
1917.10229492188,0.01471071132
1919.03100585938,0.01511878241
1920.95959472656,0.0156621784
1922.88830566406,0.01641626656
1924.81701660156,0.01745207421
1926.74560546875,0.01877061464
1928.67431640625,0.02041529678
1930.60302734375,0.02234635316
1932.53161621094,0.0245116055
1934.46032714844,0.02668886445
1936.38903808594,0.0286836978
1938.31774902344,0.03028165177
1940.24633789063,0.03140274808
1942.17504882813,0.03227511048
1944.10375976563,0.03310181946
1946.03234863281,0.03406817093
1947.96105957031,0.03536384925
1949.88977050781,0.03717695177
1951.818359375,0.03959574923
1953.7470703125,0.04263933748
1955.67578125,0.04635930806
1957.6044921875,0.05066154152
1959.53308105469,0.0554160364
1961.46179199219,0.06037691981
1963.39050292969,0.06508275867
1965.31909179688,0.06907664984
1967.24780273438,0.07218322158
1969.17651367188,0.07478611171
1971.10510253906,0.0778419897
1973.03381347656,0.082439363
1974.96252441406,0.08907466382
1976.89123535156,0.09779342264
1978.81982421875,0.10877598822
1980.74853515625,0.12251081318
1982.67724609375,0.13986365497
1984.60583496094,0.1614997685
1986.53454589844,0.18758288026
1988.46325683594,0.21715262532
1990.39184570313,0.24751290679
1992.32055664063,0.27450823784
1994.24926757813,0.29308012128
1996.17797851563,0.30000042915
1998.10656738281,0.2955981493
2000.03527832031,0.28303983808
2001.96398925781,0.26679706573
2003.892578125,0.25109410286
2005.8212890625,0.23898141086
2007.75,0.23192575574
2009.67858886719,0.22992026806
2011.60729980469,0.23177038133
2013.53601074219,0.2353579253
2015.46472167969,0.23828996718
2017.39331054688,0.23887760937
2019.32202148438,0.2376152873
2021.25073242188,0.23714871705
2023.17932128906,0.2399802953
2025.10803222656,0.24657399952
2027.03674316406,0.25605747104
2028.96533203125,0.26768025756
2030.89404296875,0.28084364533
2032.82275390625,0.29493957758
2034.75146484375,0.30916705728
2036.68005371094,0.32280382514
2038.60876464844,0.33532452583
2040.53747558594,0.34651470184
2042.46606445313,0.35645845532
2044.39477539063,0.36530867219
2046.32348632813,0.37340679765
2048.25219726563,0.3810569346
2050.18090820313,0.38866958022
2052.109375,0.39651685953
2054.0380859375,0.40482801199
2055.966796875,0.41362667084
2057.8955078125,0.42255651951
2059.82421875,0.43104237318
2061.7529296875,0.43824702501
2063.681640625,0.44369783998
2065.61010742188,0.44720259309
2067.53881835938,0.44920104742
2069.46752929688,0.45045685768
2071.39624023438,0.45185476542
2073.32495117188,0.45440083742
2075.25366210938,0.4587700069
2077.18212890625,0.46549421549
2079.11083984375,0.47458201647
2081.03955078125,0.48564767838
2082.96826171875,0.497905761
2084.89697265625,0.51056134701
2086.82568359375,0.52317088842
2088.75439453125,0.53571796417
2090.68286132813,0.54865676165
2092.61157226563,0.56200444698
2094.54028320313,0.57501333952
2096.46899414063,0.58579009771
2098.39770507813,0.59283822775
2100.32641601563,0.59963840246
2102.25512695313,0.61411786079
2104.18359375,0.639295578
2106.1123046875,0.67029523849
2108.041015625,0.70292198658
2109.9697265625,0.73866462708
2111.8984375,0.78169947863
2113.8271484375,0.83687376976
2115.75561523438,0.90995228291
2117.68432617188,1.00782597065
2119.61303710938,1.13595998287
2121.54174804688,1.28148460388
2123.47045898438,1.38327145576
2125.39916992188,1.33964109421
2127.32788085938,1.15601921082
2129.25634765625,0.93998974562
2131.18505859375,0.75568002462
2133.11376953125,0.61933261156
2135.04248046875,0.52579385042
2136.97119140625,0.46571469307
2138.89990234375,0.43222475052
2140.82861328125,0.42149177194
2142.75708007813,0.43279764056
2144.68579101563,0.47002494335
2146.61450195313,0.55324816704
2148.54321289063,0.76227325201
2150.47192382813,0.96911931038
2152.40063476563,0.72136795521
2154.3291015625,0.49940475821
2156.2578125,0.3998836875
2158.1865234375,0.3391289711
2160.115234375,0.30321907997
2162.0439453125,0.28609591722
2163.97265625,0.28123369813
2165.9013671875,0.28278788924
2167.82983398438,0.2868937552
2169.75854492188,0.29163336754
2171.68725585938,0.29637649655
2173.61596679688,0.30078783631
2175.54467773438,0.30495673418
2177.47338867188,0.30892261863
2179.40209960938,0.31279969215
2181.33056640625,0.31670847535
2183.25927734375,0.32079079747
2185.18798828125,0.32530537248
2187.11669921875,0.330214113
2189.04541015625,0.33567363024
2190.97412109375,0.34165200591
2192.90258789063,0.34813094139
2194.83129882813,0.35518565774
2196.76000976563,0.36280301213
2198.68872070313,0.37111529708
2200.61743164063,0.37993371487
2202.54614257813,0.389665097
2204.47485351563,0.39996379614
2206.4033203125,0.4113022089
2208.33203125,0.4235702455
2210.2607421875,0.43641147017
2212.189453125,0.45010411739
2214.1181640625,0.46403324604
2216.046875,0.47926998138
2217.9755859375,0.49527180195
2219.90405273438,0.513869524
2221.83276367188,0.5346621871
2223.76147460938,0.5587656498
2225.69018554688,0.58807647228
2227.61889648438,0.62040257454
2229.54760742188,0.65903913975
2231.47607421875,0.70058518648
2233.40478515625,0.7483522892
2235.33349609375,0.79959738255
2237.26220703125,0.85074698925
2239.19091796875,0.89935427904
2241.11962890625,0.92768055201
2243.04833984375,0.9434466958
2244.97680664063,0.939909935
2246.90551757813,0.92892122269
2248.83422851563,0.91522949934
2250.76293945313,0.89774787426
2252.69165039063,0.88154435158
2254.62036132813,0.85673600435
2256.54907226563,0.82698869705
2258.4775390625,0.78393316269
2260.40625,0.7348062396
2262.3349609375,0.68638890982
2264.263671875,0.64110118151
2266.1923828125,0.60608297586
2268.12109375,0.57827496529
2270.04956054688,0.55660223961
2271.97827148438,0.54046720266
2273.90698242188,0.52725756168
2275.83569335938,0.51725757122
2277.76440429688,0.50857102871
2279.69311523438,0.50185573101
2281.62182617188,0.49818485975
2283.55029296875,0.49389404058
2285.47900390625,0.49083656073
2287.40771484375,0.48616695404
2289.33642578125,0.48149496317
2291.26513671875,0.47886142135
2293.19384765625,0.4757655561
2295.12255859375,0.47470116615
2297.05102539063,0.47384625673
2298.97973632813,0.47464394569
2300.90844726563,0.47456988692
2302.83715820313,0.47496712208
2304.76586914063,0.47554820776
2306.69458007813,0.47573551536
2308.623046875,0.4781575799
2310.5517578125,0.47925752401
2312.48046875,0.48148718476
2314.4091796875,0.48166912794
2316.337890625,0.48248824477
2318.2666015625,0.48340284824
2320.1953125,0.48373866081
2322.12377929688,0.48597350717
2324.05249023438,0.48626574874
2325.98120117188,0.48778688908
2327.90991210938,0.48796594143
2329.83862304688,0.48926454782
2331.76733398438,0.4909363687
2333.69604492188,0.49094372988
2335.62451171875,0.49175533652
2337.55322265625,0.49226373434
2339.48193359375,0.49438497424
2341.41064453125,0.49430531263
2343.33935546875,0.49325758219
2345.26806640625,0.49231818318
2347.19653320313,0.4904743433
2349.12524414063,0.49033242464
2351.05395507813,0.49102729559
2352.98266601563,0.49219048023
2354.91137695313,0.49271160364
2356.84008789063,0.4925865531
2358.76879882813,0.49346613884
2360.697265625,0.49330699444
2362.6259765625,0.4930806756
2364.5546875,0.49317279458
2366.4833984375,0.49233138561
2368.412109375,0.49237024784
2370.3408203125,0.49099373817
2372.26953125,0.49108687043
2374.19799804688,0.49168616533
2376.12670898438,0.49170440435
2378.05541992188,0.49213117361
2379.98413085938,0.4912225008
2381.91284179688,0.49261713028
2383.84155273438,0.49256885052
2385.77001953125,0.49339428544
2387.69873046875,0.49366480112
2389.62744140625,0.49308174849
2391.55615234375,0.49459958076
2393.48486328125,0.49453645945
2395.41357421875,0.4960591197
2397.34228515625,0.49592149258
2399.27075195313,0.4970703721
2401.19946289063,0.4981944859
2403.12817382813,0.49801290035
2405.05688476563,0.49903437495
2406.98559570313,0.4986332655
2408.91430664063,0.5005261302
2410.84301757813,0.50096452236
2412.771484375,0.50222170353
2414.7001953125,0.50411891937
2416.62890625,0.50508505106
2418.5576171875,0.5074044466
2420.486328125,0.50815236568
2422.4150390625,0.50995647907
2424.34350585938,0.51137804985
2426.27221679688,0.51298075914
2428.20092773438,0.51468735933
2430.12963867188,0.51557183266
2432.05834960938,0.51752746105
2433.98706054688,0.51766061783
2435.91577148438,0.51732492447
2437.84423828125,0.5172534585
2439.77294921875,0.51644068956
2441.70166015625,0.51600337029
2443.63037109375,0.51409894228
2445.55908203125,0.51196992397
2447.48779296875,0.51032274961
2449.41650390625,0.50829935074
2451.34497070313,0.50680863857
2453.27368164063,0.50342655182
2455.20239257813,0.50072526932
2457.13110351563,0.49819767475
2459.05981445313,0.4957460463
2460.98852539063,0.49421113729
2462.9169921875,0.49162209034
2464.845703125,0.49067482352
2466.7744140625,0.48823145032
2468.703125,0.48689609766
2470.6318359375,0.48567080498
2472.560546875,0.48316767812
2474.4892578125,0.48190933466
2476.41772460938,0.47940015793
2478.34643554688,0.47841909528
2480.27514648438,0.47634917498
2482.20385742188,0.47522830963
2484.13256835938,0.47408521175
2486.06127929688,0.47196048498
2487.98999023438,0.47165739536
2489.91845703125,0.47008997202
2491.84716796875,0.4694634676
2493.77587890625,0.46796643734
2495.70458984375,0.46712422371
2497.63330078125,0.46675953269
2499.56201171875,0.46560785174
2501.49047851563,0.46526744962
2503.41918945313,0.46360391378
2505.34790039063,0.46289134026
2507.27661132813,0.46254748106
2509.20532226563,0.46212294698
2511.13403320313,0.4616959393
2513.06274414063,0.46087771654
2514.9912109375,0.46039131284
2516.919921875,0.45913478732
2518.8486328125,0.45781505108
2520.77734375,0.45646375418
2522.7060546875,0.45501324534
2524.634765625,0.45400768518
2526.5634765625,0.45241826773
2528.49194335938,0.45115661621
2530.42065429688,0.44977915287
2532.34936523438,0.44771111012
2534.27807617188,0.44663655758
2536.20678710938,0.44450342655
2538.13549804688,0.44226014614
2540.06396484375,0.44009667635
2541.99267578125,0.43780201674
2543.92138671875,0.43625944853
2545.85009765625,0.43471038342
2547.77880859375,0.43382564187
2549.70751953125,0.43198645115
2551.63623046875,0.43120527267
2553.56469726563,0.42989397049
2555.49340820313,0.42801785469
2557.42211914063,0.42717781663
2559.35083007813,0.42527195811
2561.27954101563,0.42433184385
2563.20825195313,0.42273306847
2565.13696289063,0.42176565528
2567.0654296875,0.42080563307
2568.994140625,0.4193162322
2570.9228515625,0.41853132844
2572.8515625,0.4168548584
2574.7802734375,0.41588267684
2576.708984375,0.41434982419
2578.63745117188,0.4132078588
2580.56616210938,0.4118052721
2582.49487304688,0.41000059247
2584.42358398438,0.40919542313
2586.35229492188,0.40775224566
2588.28100585938,0.40642154217
2590.20971679688,0.404799968
2592.13818359375,0.40348806977
2594.06689453125,0.40226209164
2595.99560546875,0.40041154623
2597.92431640625,0.39877903461
2599.85302734375,0.39744159579
2601.78173828125,0.39652055502
2603.71044921875,0.39534083009
2605.63891601563,0.39400196075
2607.56762695313,0.39322465658
2609.49633789063,0.39238709211
2611.42504882813,0.39155742526
2613.35375976563,0.39111894369
2615.28247070313,0.39050996304
2617.2109375,0.39000558853
2619.1396484375,0.38953739405
2621.068359375,0.38979580998
2622.9970703125,0.38958495855
2624.92578125,0.3886359036
2626.8544921875,0.3880918324
2628.783203125,0.38723701239
2630.71166992188,0.38671350479
2632.64038085938,0.38530448079
2634.56909179688,0.38412159681
2636.49780273438,0.38264974952
2638.42651367188,0.38041609526
2640.35522460938,0.37895363569
2642.28393554688,0.37744128704
2644.21240234375,0.37658679485
2646.14111328125,0.37536460161
2648.06982421875,0.3745751977
2649.99853515625,0.37357509136
2651.92724609375,0.37217324972
2653.85595703125,0.37133097649
2655.78442382813,0.37016579509
2657.71313476563,0.36952936649
2659.64184570313,0.36835253239
2661.57055664063,0.36750623584
2663.49926757813,0.36688673496
2665.42797851563,0.36604508758
2667.35668945313,0.36555340886
2669.28515625,0.36528196931
2671.2138671875,0.36550968885
2673.142578125,0.36553096771
2675.0712890625,0.36583444476
2677.0,0.36570370197
2678.9287109375,0.36476224661
2680.857421875,0.36398661137
2682.78588867188,0.36442118883
2684.71459960938,0.36527860165
2686.64331054688,0.36554050446
2688.57202148438,0.3661237359
2690.50073242188,0.3667280972
2692.42944335938,0.36729580164
2694.35791015625,0.36817610264
2696.28662109375,0.36891797185
2698.21533203125,0.3696769774
2700.14404296875,0.37097728252
2702.07275390625,0.37207224965
2704.00146484375,0.37320098281
2705.93017578125,0.37433919311
2707.85864257813,0.37510707974
2709.78735351563,0.37561953068
2711.71606445313,0.37627226114
2713.64477539063,0.37762719393
2715.57348632813,0.37836229801
2717.50219726563,0.38012072444
2719.43090820313,0.3821054697
2721.359375,0.3832680583
2723.2880859375,0.38480600715
2725.216796875,0.38491970301
2727.1455078125,0.38536942005
2729.07421875,0.38644716144
2731.0029296875,0.38752317429
2732.93139648438,0.3887090385
2734.86010742188,0.38969871402
2736.78881835938,0.38979423046
2738.71752929688,0.38941636682
2740.64624023438,0.39041644335
2742.57495117188,0.39144942164
2744.50366210938,0.39277982712
2746.43212890625,0.39299309254
2748.36083984375,0.39233118296
2750.28955078125,0.39274835587
2752.21826171875,0.3933327198
2754.14697265625,0.39427706599
2756.07568359375,0.3945658803
2758.00439453125,0.39463919401
2759.93286132813,0.39485639334
2761.86157226563,0.39469999075
2763.79028320313,0.39448678493
2765.71899414063,0.39421892166
2767.64770507813,0.39429360628
2769.57641601563,0.39520809054
2771.5048828125,0.39641556144
2773.43359375,0.39476239681
2775.3623046875,0.39210647345
2777.291015625,0.3924139142
2779.2197265625,0.39265146852
2781.1484375,0.39170646667
2783.0771484375,0.39191061258
2785.00561523438,0.39329692721
2786.93432617188,0.39319097996
2788.86303710938,0.39022263885
2790.79174804688,0.38893097639
2792.72045898438,0.38991931081
2794.64916992188,0.39035701752
2796.57788085938,0.38863819838
2798.50634765625,0.38531985879
2800.43505859375,0.38468450308
2802.36376953125,0.38479533792
2804.29248046875,0.38442355394
2806.22119140625,0.38513746858
2808.14990234375,0.38406586647
2810.07836914063,0.38231980801
2812.00708007813,0.38208338618
2813.93579101563,0.38262477517
2815.86450195313,0.38274621964
2817.79321289063,0.38276356459
2819.72192382813,0.38288384676
2821.65063476563,0.38260826468
2823.5791015625,0.38287246227
2825.5078125,0.3832423687
2827.4365234375,0.38385802507
2829.365234375,0.38506704569
2831.2939453125,0.38640761375
2833.22265625,0.3885897696
2835.1513671875,0.39278244972
2837.07983398438,0.39110034704
2839.00854492188,0.38451057673
2840.93725585938,0.38542121649
2842.86596679688,0.38935017586
2844.79467773438,0.39063614607
2846.72338867188,0.3902002871
2848.65185546875,0.38951462507
2850.58056640625,0.39057058096
2852.50927734375,0.39140278101
2854.43798828125,0.39243075252
2856.36669921875,0.39406174421
2858.29541015625,0.39331048727
2860.22412109375,0.39212790132
2862.15258789063,0.39321857691
2864.08129882813,0.3942873776
2866.01000976563,0.39455592632
2867.93872070313,0.39732724428
2869.86743164063,0.40319728851
2871.79614257813,0.40070396662
2873.72485351563,0.39380812645
2875.6533203125,0.39511436224
2877.58203125,0.39845040441
2879.5107421875,0.40041512251
2881.439453125,0.40231564641
2883.3681640625,0.40401762724
2885.296875,0.40499064326
2887.22534179688,0.4046382308
2889.15405273438,0.40365090966
2891.08276367188,0.40328702331
2893.01147460938,0.40381592512
2894.94018554688,0.40178030729
2896.86889648438,0.39992061257
2898.79760742188,0.39932397008
2900.72607421875,0.39827811718
2902.65478515625,0.39685863256
2904.58349609375,0.39598479867
2906.51220703125,0.39738190174
2908.44091796875,0.40261787176
2910.36962890625,0.40885484219
2912.29833984375,0.40291070938
2914.22680664063,0.394287467
2916.15551757813,0.39447072148
2918.08422851563,0.39511561394
2920.01293945313,0.39575797319
2921.94165039063,0.39645385742
2923.87036132813,0.39734005928
2925.798828125,0.40050268173
2927.7275390625,0.39937758446
2929.65625,0.39430764318
2931.5849609375,0.39339107275
2933.513671875,0.39472407103
2935.4423828125,0.39468994737
2937.37109375,0.39498269558
2939.29956054688,0.39834302664
2941.22827148438,0.4011298418
2943.15698242188,0.39845597744
2945.08569335938,0.39321804047
2947.01440429688,0.39087858796
2948.94311523438,0.39403668046
2950.87182617188,0.39423799515
2952.80029296875,0.39104437828
2954.72900390625,0.39145413041
2956.65771484375,0.39274451137
2958.58642578125,0.39311426878
2960.51513671875,0.39285498857
2962.44384765625,0.39202415943
2964.37231445313,0.39097642899
2966.30102539063,0.39018571377
2968.22973632813,0.38941839337
2970.15844726563,0.38966366649
2972.08715820313,0.38870927691
2974.01586914063,0.38574406505
2975.94458007813,0.38588094711
2977.873046875,0.38512006402
2979.8017578125,0.38011625409
2981.73046875,0.37659978867
2983.6591796875,0.37703201175
2985.587890625,0.37771305442
2987.5166015625,0.37990987301
2989.4453125,0.38211655617
2991.37377929688,0.37609326839
2993.30249023438,0.372682482
2995.23120117188,0.37477302551
2997.15991210938,0.37297362089
2999.08862304688,0.37211894989
3001.01733398438,0.37220445275
3002.94580078125,0.36955302954
3004.87451171875,0.36673289537
3006.80322265625,0.36697328091
3008.73193359375,0.36752206087
3010.66064453125,0.36298808455
3012.58935546875,0.35494482517
3014.51806640625,0.34939542413
3016.44653320313,0.3485584259
3018.37524414063,0.34782290459
3020.30395507813,0.34744757414
3022.23266601563,0.34630376101
3024.16137695313,0.34218648076
3026.09008789063,0.34120354056
3028.01879882813,0.34200799465
3029.947265625,0.34217488766
3031.8759765625,0.34080272913
3033.8046875,0.33573883772
3035.7333984375,0.33501574397
3037.662109375,0.34010282159
3039.5908203125,0.33949753642
3041.51928710938,0.33129745722
3043.44799804688,0.32537704706
3045.37670898438,0.32572108507
3047.30541992188,0.32800143957
3049.23413085938,0.32601219416
3051.16284179688,0.32223412395
3053.09155273438,0.32150688767
3055.02001953125,0.32023000717
3056.94873046875,0.31817737222
3058.87744140625,0.31817939878
3060.80615234375,0.31793189049
3062.73486328125,0.3182156086
3064.66357421875,0.31753185391
3066.59228515625,0.31282094121
3068.52075195313,0.3102157414
3070.44946289063,0.31076148152
3072.37817382813,0.31250905991
3074.30688476563,0.31592172384
3076.23559570313,0.31437024474
3078.16430664063,0.30700400472
3080.0927734375,0.30414626002
3082.021484375,0.3037250638
3083.9501953125,0.30026185513
3085.87890625,0.30024212599
3087.8076171875,0.30079734325
3089.736328125,0.29738608003
3091.6650390625,0.29586806893
3093.59350585938,0.29667806625
3095.52221679688,0.29726094007
3097.45092773438,0.29640036821
3099.37963867188,0.29386222363
3101.30834960938,0.29255008698
3103.23706054688,0.29380446672
3105.16577148438,0.29543247819
3107.09423828125,0.29280948639
3109.02294921875,0.28966638446
3110.95166015625,0.29331830144
3112.88037109375,0.29731428623
3114.80908203125,0.29508143663
3116.73779296875,0.29166045785
3118.66625976563,0.28804138303
3120.59497070313,0.28528961539
3122.52368164063,0.28672239184
3124.45239257813,0.28874367476
3126.38110351563,0.28896293044
3128.30981445313,0.28852447867
3130.23852539063,0.28777888417
3132.1669921875,0.28764048219
3134.095703125,0.28772839904
3136.0244140625,0.28693068027
3137.953125,0.28479370475
3139.8818359375,0.28231197596
3141.810546875,0.28074249625
3143.7392578125,0.27949383855
3145.66772460938,0.27896416187
3147.59643554688,0.28007543087
3149.52514648438,0.280290097
3151.45385742188,0.27796807885
3153.38256835938,0.27620962262
3155.31127929688,0.27571967244
3157.23974609375,0.27447631955
3159.16845703125,0.27313056588
3161.09716796875,0.27226555347
3163.02587890625,0.27155944705
3164.95458984375,0.27109926939
3166.88330078125,0.27038276196
3168.81201171875,0.26932063699
3170.74047851563,0.26820725203
3172.66918945313,0.26709985733
3174.59790039063,0.26595836878
3176.52661132813,0.26470509171
3178.45532226563,0.26361551881
3180.38403320313,0.26268905401
3182.31274414063,0.2614005208
3184.2412109375,0.2598246038
3186.169921875,0.25825855136
3188.0986328125,0.25695949793
3190.02734375,0.25570192933
3191.9560546875,0.25454035401
3193.884765625,0.25387039781
3195.81323242188,0.25307351351
3197.74194335938,0.25246798992
3199.67065429688,0.25205117464
3201.59936523438,0.25189593434
3203.52807617188,0.25197264552
3205.45678710938,0.25139266253
3207.38549804688,0.25039440393
3209.31396484375,0.24877482653
3211.24267578125,0.24704840779
3213.17138671875,0.24597886205
3215.10009765625,0.2455368489
3217.02880859375,0.2453636229
3218.95751953125,0.24519409239
3220.88623046875,0.24538430572
3222.81469726563,0.24542839825
3224.74340820313,0.24518418312
3226.67211914063,0.24472315609
3228.60083007813,0.24378991127
3230.52954101563,0.24327172339
3232.45825195313,0.24374787509
3234.38671875,0.24374124408
3236.3154296875,0.24264979362
3238.244140625,0.24178077281
3240.1728515625,0.24122704566
3242.1015625,0.24025115371
3244.0302734375,0.23957358301
3245.958984375,0.23964422941
3247.88745117188,0.23925696313
3249.81616210938,0.23797136545
3251.74487304688,0.23676894605
3253.67358398438,0.23618800938
3255.60229492188,0.23579251766
3257.53100585938,0.23515968025
3259.45971679688,0.2341786921
3261.38818359375,0.23324243724
3263.31689453125,0.23256400228
3265.24560546875,0.23137719929
3267.17431640625,0.22999916971
3269.10302734375,0.22960343957
3271.03173828125,0.22959107161
3272.96020507813,0.22866825759
3274.88891601563,0.22744975984
3276.81762695313,0.22671946883
3278.74633789063,0.22598728538
3280.67504882813,0.22561469674
3282.60375976563,0.22526849806
3284.53247070313,0.22476321459
3286.4609375,0.22431115806
3288.3896484375,0.22355060279
3290.318359375,0.22343741357
3292.2470703125,0.22345671058
3294.17578125,0.22331152856
3296.1044921875,0.22312559187
3298.033203125,0.22254338861
3299.96166992188,0.22203741968
3301.89038085938,0.22154700756
3303.81909179688,0.22186262906
3305.74780273438,0.22248004377
3307.67651367188,0.22262150049
3309.60522460938,0.22248074412
3311.53369140625,0.22224670649
3313.46240234375,0.22222658992
3315.39111328125,0.22208230197
3317.31982421875,0.22202219069
3319.24853515625,0.22195065022
3321.17724609375,0.22162505984
3323.10595703125,0.22152756155
3325.03442382813,0.22161927819
3326.96313476563,0.22134952247
3328.89184570313,0.2208442241
3330.82055664063,0.22042295337
3332.74926757813,0.22003893554
3334.67797851563,0.21983121336
3336.60668945313,0.21995525062
3338.53515625,0.21973830462
3340.4638671875,0.21927846968
3342.392578125,0.21910226345
3344.3212890625,0.21875783801
3346.25,0.21837419271
3348.1787109375,0.21808116138
3350.10717773438,0.21813544631
3352.03588867188,0.21818077564
3353.96459960938,0.21801020205
3355.89331054688,0.21793484688
3357.82202148438,0.21778088808
3359.75073242188,0.21781285107
3361.67944335938,0.21776291728
3363.60791015625,0.2180532068
3365.53662109375,0.21835459769
3367.46533203125,0.21771077812
3369.39404296875,0.2169791162
3371.32275390625,0.21689935029
3373.25146484375,0.21721594036
3375.18017578125,0.21708923578
3377.10864257813,0.21691721678
3379.03735351563,0.2167865783
3380.96606445313,0.21666054428
3382.89477539063,0.21700997651
3384.82348632813,0.21739238501
3386.75219726563,0.21859721839
3388.6806640625,0.21911884844
3390.609375,0.21747726202
3392.5380859375,0.21695956588
3394.466796875,0.21856243908
3396.3955078125,0.22030867636
3398.32421875,0.21975754201
3400.2529296875,0.21813903749
3402.18139648438,0.21862390637
3404.11010742188,0.22016622126
3406.03881835938,0.22083827853
3407.96752929688,0.22095486522
3409.89624023438,0.22131322324
3411.82495117188,0.2217040062
3413.75366210938,0.22216340899
3415.68212890625,0.22276520729
3417.61083984375,0.22301751375
3419.53955078125,0.2234390676
3421.46826171875,0.22370475531
3423.39697265625,0.22360947728
3425.32568359375,0.22383622825
3427.25415039063,0.22420486808
3429.18286132813,0.22444672883
3431.11157226563,0.22408872843
3433.04028320313,0.22391937673
3434.96899414063,0.22432348132
3436.89770507813,0.22435051203
3438.82641601563,0.22388225794
3440.7548828125,0.22347426414
3442.68359375,0.22343689203
3444.6123046875,0.22307384014
3446.541015625,0.22283765674
3448.4697265625,0.22287762165
3450.3984375,0.22290328145
3452.3271484375,0.22287140787
3454.25561523438,0.22277764976
3456.18432617188,0.22312429547
3458.11303710938,0.22320200503
3460.04174804688,0.2236264199
3461.97045898438,0.225109905
3463.89916992188,0.22679880261
3465.82763671875,0.22632169724
3467.75634765625,0.22339065373
3469.68505859375,0.22258663177
3471.61376953125,0.22423362732
3473.54248046875,0.22583058476
3475.47119140625,0.22750908136
3477.39990234375,0.22726081312
3479.32836914063,0.22539754212
3481.25708007813,0.22582380474
3483.18579101563,0.22735519707
3485.11450195313,0.22724823654
3487.04321289063,0.22691917419
3488.97192382813,0.22766213119
3490.90063476563,0.22850839794
3492.8291015625,0.2291854322
3494.7578125,0.22946564853
3496.6865234375,0.23016819358
3498.615234375,0.23267970979
3500.5439453125,0.2326002866
3502.47265625,0.23040194809
3504.40112304688,0.23151066899
3506.32983398438,0.23400118947
3508.25854492188,0.23625199497
3510.18725585938,0.23826447129
3512.11596679688,0.23857973516
3514.04467773438,0.2387470156
3515.97338867188,0.24004517496
3517.90185546875,0.24183656275
3519.83056640625,0.24390526116
3521.75927734375,0.24382667243
3523.68798828125,0.24259951711
3525.61669921875,0.24353840947
3527.54541015625,0.24449656904
3529.47412109375,0.24487899244
3531.40258789063,0.2458588779
3533.33129882813,0.24599537253
3535.26000976563,0.24446938932
3537.18872070313,0.24375037849
3539.11743164063,0.24497000873
3541.04614257813,0.24599698186
3542.974609375,0.24477292597
3544.9033203125,0.24211871624
3546.83203125,0.24202345312
3548.7607421875,0.24332745373
3550.689453125,0.24308167398
3552.6181640625,0.24305267632
3554.546875,0.2433167249
3556.47534179688,0.24378101528
3558.40405273438,0.24434627593
3560.33276367188,0.24389272928
3562.26147460938,0.24348691106
3564.19018554688,0.24418601394
3566.11889648438,0.24510225654
3568.04760742188,0.24440336227
3569.97607421875,0.24345888197
3571.90478515625,0.24413119256
3573.83349609375,0.24486871064
3575.76220703125,0.24521677196
3577.69091796875,0.24567107856
3579.61962890625,0.24657656252
3581.54809570313,0.24758815765
3583.47680664063,0.24594466388
3585.40551757813,0.24385307729
3587.33422851563,0.24483714998
3589.26293945313,0.24592524767
3591.19165039063,0.24550361931
3593.12036132813,0.24535182118
3595.048828125,0.2460038662
3596.9775390625,0.24587060511
3598.90625,0.24499547482
3600.8349609375,0.2445524931
3602.763671875,0.24375341833
3604.6923828125,0.2429189086
3606.62109375,0.24283924699
3608.54956054688,0.2428534627
3610.47827148438,0.24228312075
3612.40698242188,0.2417229116
3614.33569335938,0.24122451246
3616.26440429688,0.24128811061
3618.19311523438,0.24168592691
3620.12158203125,0.24131929874
3622.05029296875,0.24108594656
3623.97900390625,0.24097014964
3625.90771484375,0.24103039503
3627.83642578125,0.24118097126
3629.76513671875,0.24123479426
3631.69384765625,0.24128177762
3633.62231445313,0.24109943211
3635.55102539063,0.24112159014
3637.47973632813,0.24099622667
3639.40844726563,0.24100577831
3641.33715820313,0.24116958678
3643.26586914063,0.24100017548
3645.19458007813,0.24134194851
3647.123046875,0.24175426364
3649.0517578125,0.24069035053
3650.98046875,0.2391448766
3652.9091796875,0.23874442279
3654.837890625,0.2391025126
3656.7666015625,0.23835238814
3658.69506835938,0.23592674732
3660.62377929688,0.23384264112
3662.55249023438,0.23256914318
3664.48120117188,0.23080395162
3666.40991210938,0.22863380611
3668.33862304688,0.22719071805
3670.26733398438,0.22605906427
3672.19580078125,0.2245580405
3674.12451171875,0.22319768369
3676.05322265625,0.22226703167
3677.98193359375,0.22185830772
3679.91064453125,0.22191344202
3681.83935546875,0.22282864153
3683.76806640625,0.22485373914
3685.69653320313,0.22512328625
3687.62524414063,0.22216716409
3689.55395507813,0.22092291713
3691.48266601563,0.22209602594
3693.41137695313,0.22203272581
3695.34008789063,0.22156330943
3697.2685546875,0.22121421993
3699.197265625,0.22059988976
3701.1259765625,0.21988546848
3703.0546875,0.2193376869
3704.9833984375,0.21923524141
3706.912109375,0.21851781011
3708.8408203125,0.21797037125
3710.76928710938,0.21793213487
3712.69799804688,0.21781562269
3714.62670898438,0.217510432
3716.55541992188,0.21675162017
3718.48413085938,0.21631397307
3720.41284179688,0.21582561731
3722.34155273438,0.21530844271
3724.27001953125,0.21526165307
3726.19873046875,0.21536028385
3728.12744140625,0.21581973135
3730.05615234375,0.21612177789
3731.98486328125,0.21608383954
3733.91357421875,0.21633325517
3735.84204101563,0.21555142105
3737.77075195313,0.21343439817
3739.69946289063,0.21273882687
3741.62817382813,0.21351337433
3743.55688476563,0.21380338073
3745.48559570313,0.21376551688
3747.41430664063,0.21374544501
3749.3427734375,0.2135091275
3751.271484375,0.21353970468
3753.2001953125,0.21354527771
3755.12890625,0.21359810233
3757.0576171875,0.21371969581
3758.986328125,0.21343135834
3760.9150390625,0.2135130614
3762.84350585938,0.21363899112
3764.77221679688,0.21377399564
3766.70092773438,0.21371033788
3768.62963867188,0.21366584301
3770.55834960938,0.21420955658
3772.48706054688,0.21461682022
3774.41552734375,0.2155097574
3776.34423828125,0.21567969024
3778.27294921875,0.2147667408
3780.20166015625,0.21473161876
3782.13037109375,0.21537593007
3784.05908203125,0.21597978473
3785.98779296875,0.21662652493
3787.91625976563,0.21725736558
3789.84497070313,0.21713268757
3791.77368164063,0.21727077663
3793.70239257813,0.21803098917
3795.63110351563,0.21857102215
3797.55981445313,0.21913000941
3799.48852539063,0.21933048964
3801.4169921875,0.21934100986
3803.345703125,0.2196867913
3805.2744140625,0.22052544355
3807.203125,0.22126384079
3809.1318359375,0.22127272189
3811.060546875,0.22145356238
3812.98901367188,0.22177472711
3814.91772460938,0.22200641036
3816.84643554688,0.22237153351
3818.77514648438,0.22244626284
3820.70385742188,0.22271047533
3822.63256835938,0.22316025198
3824.56127929688,0.22345136106
3826.48974609375,0.22359502316
3828.41845703125,0.22391150892
3830.34716796875,0.225823313
3832.27587890625,0.22808003426
3834.20458984375,0.22738276422
3836.13330078125,0.22582484782
3838.06201171875,0.22682973742
3839.99047851563,0.22892890871
3841.91918945313,0.2303814441
3843.84790039063,0.23079259694
3845.77661132813,0.23093426228
3847.70532226563,0.23241095245
3849.63403320313,0.23387041688
3851.5625,0.23491354287
3853.4912109375,0.23661240935
3855.419921875,0.23807793856
3857.3486328125,0.23924690485
3859.27734375,0.24042388797
3861.2060546875,0.2418871671
3863.134765625,0.24313375354
3865.06323242188,0.24393005669
3866.99194335938,0.2453751117
3868.92065429688,0.24685898423
3870.84936523438,0.2480699569
3872.77807617188,0.24919904768
3874.70678710938,0.25029531121
3876.63549804688,0.25135737658
3878.56396484375,0.25245881081
3880.49267578125,0.25448724627
3882.42138671875,0.25545299053
3884.35009765625,0.25495576859
3886.27880859375,0.25588187575
3888.20751953125,0.25753718615
3890.13598632813,0.25907471776
3892.06469726563,0.2605663836
3893.99340820313,0.26190042496
3895.92211914063,0.26320588589
3897.85083007813,0.2642595768
3899.77954101563,0.26592665911
3901.70825195313,0.26763677597
3903.63671875,0.2694041729
3905.5654296875,0.27154669166
3907.494140625,0.27309846878
3909.4228515625,0.27434709668
3911.3515625,0.27577778697
3913.2802734375,0.278170228
3915.208984375,0.28023859859
3917.13745117188,0.28166395426
3919.06616210938,0.28342175484
3920.99487304688,0.28502807021
3922.92358398438,0.28679138422
3924.85229492188,0.28844997287
3926.78100585938,0.29097163677
3928.70947265625,0.29392084479
3930.63818359375,0.2961538434
3932.56689453125,0.29739156365
3934.49560546875,0.29817712307
3936.42431640625,0.30066838861
3938.35302734375,0.30359086394
3940.28173828125,0.30620262027
3942.21020507813,0.30894058943
3944.13891601563,0.31116324663
3946.06762695313,0.31337618828
3947.99633789063,0.31567955017
3949.92504882813,0.31796941161
3951.85375976563,0.3202585578
3953.78247070313,0.32282108068
3955.7109375,0.32600224018
3957.6396484375,0.32896083593
3959.568359375,0.33141899109
3961.4970703125,0.33390173316
3963.42578125,0.33725553751
3965.3544921875,0.34172019362
3967.28295898438,0.34594789147
3969.21166992188,0.35034739971
3971.14038085938,0.35442101955
3973.06909179688,0.35837760568
3974.99780273438,0.36275538802
3976.92651367188,0.36627310514
3978.85522460938,0.37042963505
3980.78369140625,0.37375342846
3982.71240234375,0.37589451671
3984.64111328125,0.37785929441
3986.56982421875,0.37869769335
3988.49853515625,0.37837335467
3990.42724609375,0.37769639492
3992.35595703125,0.37837213278
3994.28442382813,0.37821155787
3996.21313476563,0.37766325474
3998.14184570313,0.37763491273
